n,k,graph_seed,num_edges,iterations,run,time,success,timed_out,modularity,optimal_modularity,error,timestamp,found_optimal,gap
100,2,0,264,1,0,0.008023738861083984,True,False,0.39582615932047754,0.39582615932047754,,2026-02-02T20:32:00.312587,True,0.0
100,2,1,309,1,1,0.006110191345214844,True,False,0.27692944145955734,0.42146081419339965,,2026-02-02T20:32:00.520902,False,0.1445313727338423
100,2,2,284,1,2,0.006510734558105469,True,False,0.4088908450704225,0.4088908450704225,,2026-02-02T20:32:00.728427,True,0.0
100,2,3,312,1,3,0.00574183464050293,True,False,0.3621743507560815,0.3790064102564103,,2026-02-02T20:32:00.931954,False,0.01683205950032879
100,2,4,261,1,4,0.006431102752685547,True,False,0.3725649946418872,0.437566976409624,,2026-02-02T20:32:01.141414,False,0.0650019817677368
100,2,5,253,1,5,0.005875825881958008,True,False,0.38638316486744056,0.4169023106125701,,2026-02-02T20:32:01.347756,False,0.03051914574512954
100,2,6,267,1,6,0.0059909820556640625,True,False,0.41321943076772016,0.4187111616097855,,2026-02-02T20:32:01.554590,False,0.005491730842065334
100,2,7,271,1,7,0.005994081497192383,True,False,0.396855979629907,0.41049958470064407,,2026-02-02T20:32:01.762689,False,0.013643605070737086
100,2,8,287,1,8,0.005939960479736328,True,False,0.3675897485704573,0.42680498731318817,,2026-02-02T20:32:01.967898,False,0.05921523874273088
100,2,9,301,1,9,0.005939960479736328,True,False,0.33113872915309983,0.40630898113707353,,2026-02-02T20:32:02.172472,False,0.0751702519839737
100,2,10,249,1,10,0.005815982818603516,True,False,0.3925743133175271,0.41795293624296387,,2026-02-02T20:32:02.381202,False,0.025378622925436745
100,2,11,296,1,11,0.007149934768676758,True,False,0.42356989590942296,0.42356989590942296,,2026-02-02T20:32:02.591510,True,0.0
100,2,12,303,1,12,0.005810976028442383,True,False,0.38342101536886364,0.4009192998507771,,2026-02-02T20:32:02.795507,False,0.017498284481913484
100,2,13,278,1,13,0.005757808685302734,True,False,0.3903783448061695,0.3989441540292946,,2026-02-02T20:32:03.001058,False,0.00856580922312511
100,2,14,279,1,14,0.006338834762573242,True,False,0.34402821135391376,0.43516912680977893,,2026-02-02T20:32:03.206994,False,0.09114091545586517
100,2,15,326,1,15,0.005639076232910156,True,False,0.31630377507621665,0.39090199104219214,,2026-02-02T20:32:03.412535,False,0.07459821596597549
100,2,16,294,1,16,0.00591588020324707,True,False,0.3942280994030265,0.4017538988384469,,2026-02-02T20:32:03.617393,False,0.007525799435420422
100,2,17,280,1,17,0.0061528682708740234,True,False,0.39484056122448985,0.4056122448979591,,2026-02-02T20:32:03.825230,False,0.010771683673469257
100,2,18,277,1,18,0.005597829818725586,True,False,0.407557768249293,0.407557768249293,,2026-02-02T20:32:04.031396,True,0.0
100,2,19,244,1,19,0.005947113037109375,True,False,0.4221227492609514,0.43036146197258807,,2026-02-02T20:32:04.235227,False,0.008238712711636675
100,2,0,264,2,0,0.005890846252441406,True,False,0.39582615932047754,0.39582615932047754,,2026-02-02T20:32:04.440603,True,0.0
100,2,1,309,2,1,0.0057599544525146484,True,False,0.41467936029157626,0.42146081419339965,,2026-02-02T20:32:04.654146,False,0.006781453901823387
100,2,2,284,2,2,0.007344961166381836,True,False,0.4088908450704225,0.4088908450704225,,2026-02-02T20:32:04.863437,True,0.0
100,2,3,312,2,3,0.006595134735107422,True,False,0.36612426035502954,0.3790064102564103,,2026-02-02T20:32:05.068800,False,0.012882149901380757
100,2,4,261,2,4,0.006006956100463867,True,False,0.437566976409624,0.437566976409624,,2026-02-02T20:32:05.274097,True,0.0
100,2,5,253,2,5,0.0058879852294921875,True,False,0.41362152197347246,0.4169023106125701,,2026-02-02T20:32:05.482093,False,0.0032807886390976426
100,2,6,267,2,6,0.005226850509643555,True,False,0.41321943076772016,0.4187111616097855,,2026-02-02T20:32:05.689181,False,0.005491730842065334
100,2,7,271,2,7,0.0063550472259521484,True,False,0.4021187075339388,0.41049958470064407,,2026-02-02T20:32:05.897494,False,0.00838087716670527
100,2,8,287,2,8,0.005774021148681641,True,False,0.3675897485704573,0.42680498731318817,,2026-02-02T20:32:06.104415,False,0.05921523874273088
100,2,9,301,2,9,0.00578618049621582,True,False,0.40630898113707353,0.40630898113707353,,2026-02-02T20:32:06.311523,True,0.0
100,2,10,249,2,10,0.0056629180908203125,True,False,0.3925743133175271,0.41795293624296387,,2026-02-02T20:32:06.516812,False,0.025378622925436745
100,2,11,296,2,11,0.005978822708129883,True,False,0.42356989590942296,0.42356989590942296,,2026-02-02T20:32:06.723041,True,0.0
100,2,12,303,2,12,0.00613093376159668,True,False,0.38342101536886364,0.4009192998507771,,2026-02-02T20:32:06.930869,False,0.017498284481913484
100,2,13,278,2,13,0.005501985549926758,True,False,0.3903783448061695,0.3989441540292946,,2026-02-02T20:32:07.135416,False,0.00856580922312511
100,2,14,279,2,14,0.006021261215209961,True,False,0.43516912680977893,0.43516912680977893,,2026-02-02T20:32:07.343000,True,0.0
100,2,15,326,2,15,0.00603175163269043,True,False,0.34355357747751136,0.39090199104219214,,2026-02-02T20:32:07.549080,False,0.04734841356468078
100,2,16,294,2,16,0.005414009094238281,True,False,0.3942280994030265,0.4017538988384469,,2026-02-02T20:32:07.756493,False,0.007525799435420422
100,2,17,280,2,17,0.0054988861083984375,True,False,0.39484056122448985,0.4056122448979591,,2026-02-02T20:32:07.962310,False,0.010771683673469257
100,2,18,277,2,18,0.005990028381347656,True,False,0.407557768249293,0.407557768249293,,2026-02-02T20:32:08.167912,True,0.0
100,2,19,244,2,19,0.005647182464599609,True,False,0.43036146197258807,0.43036146197258807,,2026-02-02T20:32:08.373513,True,0.0
100,2,0,264,5,0,0.005853891372680664,True,False,0.39582615932047754,0.39582615932047754,,2026-02-02T20:32:08.583156,True,0.0
100,2,1,309,5,1,0.005989789962768555,True,False,0.42146081419339965,0.42146081419339965,,2026-02-02T20:32:08.788460,True,0.0
100,2,2,284,5,2,0.005856990814208984,True,False,0.4088908450704225,0.4088908450704225,,2026-02-02T20:32:08.993150,True,0.0
100,2,3,312,5,3,0.005738973617553711,True,False,0.3790064102564103,0.3790064102564103,,2026-02-02T20:32:09.199242,True,0.0
100,2,4,261,5,4,0.006613016128540039,True,False,0.437566976409624,0.437566976409624,,2026-02-02T20:32:09.407029,True,0.0
100,2,5,253,5,5,0.0060541629791259766,True,False,0.4169023106125701,0.4169023106125701,,2026-02-02T20:32:09.614031,True,0.0
100,2,6,267,5,6,0.006310224533081055,True,False,0.41321943076772016,0.4187111616097855,,2026-02-02T20:32:09.822729,False,0.005491730842065334
100,2,7,271,5,7,0.006345987319946289,True,False,0.41049958470064407,0.41049958470064407,,2026-02-02T20:32:10.032414,True,0.0
100,2,8,287,5,8,0.006276845932006836,True,False,0.42680498731318817,0.42680498731318817,,2026-02-02T20:32:10.237434,True,0.0
100,2,9,301,5,9,0.0054929256439208984,True,False,0.40630898113707353,0.40630898113707353,,2026-02-02T20:32:10.447432,True,0.0
100,2,10,249,5,10,0.005610227584838867,True,False,0.41795293624296387,0.41795293624296387,,2026-02-02T20:32:10.652108,True,0.0
100,2,11,296,5,11,0.005692958831787109,True,False,0.42356989590942296,0.42356989590942296,,2026-02-02T20:32:10.859598,True,0.0
100,2,12,303,5,12,0.006276130676269531,True,False,0.4009192998507771,0.4009192998507771,,2026-02-02T20:32:11.065795,True,0.0
100,2,13,278,5,13,0.005792856216430664,True,False,0.39184695409140313,0.3989441540292946,,2026-02-02T20:32:11.271606,False,0.007097199937891485
100,2,14,279,5,14,0.005894899368286133,True,False,0.43516912680977893,0.43516912680977893,,2026-02-02T20:32:11.479169,True,0.0
100,2,15,326,5,15,0.005835056304931641,True,False,0.38853080657909594,0.39090199104219214,,2026-02-02T20:32:11.688798,False,0.0023711844630961987
100,2,16,294,5,16,0.007131814956665039,True,False,0.4017538988384469,0.4017538988384469,,2026-02-02T20:32:11.897053,True,0.0
100,2,17,280,5,17,0.006000995635986328,True,False,0.39484056122448985,0.4056122448979591,,2026-02-02T20:32:12.102962,False,0.010771683673469257
100,2,18,277,5,18,0.005774974822998047,True,False,0.407557768249293,0.407557768249293,,2026-02-02T20:32:12.306524,True,0.0
100,2,19,244,5,19,0.0059680938720703125,True,False,0.43036146197258807,0.43036146197258807,,2026-02-02T20:32:12.514733,True,0.0
100,2,0,264,10,0,0.006340980529785156,True,False,0.39582615932047754,0.39582615932047754,,2026-02-02T20:32:12.721285,True,0.0
100,2,1,309,10,1,0.0057370662689208984,True,False,0.42146081419339965,0.42146081419339965,,2026-02-02T20:32:12.929149,True,0.0
100,2,2,284,10,2,0.006556034088134766,True,False,0.4088908450704225,0.4088908450704225,,2026-02-02T20:32:13.138195,True,0.0
100,2,3,312,10,3,0.006246328353881836,True,False,0.3790064102564103,0.3790064102564103,,2026-02-02T20:32:13.347535,True,0.0
100,2,4,261,10,4,0.006904125213623047,True,False,0.437566976409624,0.437566976409624,,2026-02-02T20:32:13.553286,True,0.0
100,2,5,253,10,5,0.005677938461303711,True,False,0.4169023106125701,0.4169023106125701,,2026-02-02T20:32:13.758721,True,0.0
100,2,6,267,10,6,0.006054878234863281,True,False,0.41321943076772016,0.4187111616097855,,2026-02-02T20:32:13.965754,False,0.005491730842065334
100,2,7,271,10,7,0.006001949310302734,True,False,0.41049958470064407,0.41049958470064407,,2026-02-02T20:32:14.172554,True,0.0
100,2,8,287,10,8,0.0058367252349853516,True,False,0.42680498731318817,0.42680498731318817,,2026-02-02T20:32:14.380415,True,0.0
100,2,9,301,10,9,0.006541013717651367,True,False,0.40630898113707353,0.40630898113707353,,2026-02-02T20:32:14.588965,True,0.0
100,2,10,249,10,10,0.006133079528808594,True,False,0.41795293624296387,0.41795293624296387,,2026-02-02T20:32:14.804859,True,0.0
100,2,11,296,10,11,0.006249904632568359,True,False,0.42356989590942296,0.42356989590942296,,2026-02-02T20:32:15.016201,True,0.0
100,2,12,303,10,12,0.005973100662231445,True,False,0.4009192998507771,0.4009192998507771,,2026-02-02T20:32:15.222637,True,0.0
100,2,13,278,10,13,0.005666017532348633,True,False,0.39190518089125814,0.3989441540292946,,2026-02-02T20:32:15.429785,False,0.007038973138036475
100,2,14,279,10,14,0.005755901336669922,True,False,0.43516912680977893,0.43516912680977893,,2026-02-02T20:32:15.639296,True,0.0
100,2,15,326,10,15,0.006256818771362305,True,False,0.39090199104219214,0.39090199104219214,,2026-02-02T20:32:15.845526,True,0.0
100,2,16,294,10,16,0.0057408809661865234,True,False,0.4017538988384469,0.4017538988384469,,2026-02-02T20:32:16.054143,True,0.0
100,2,17,280,10,17,0.006732940673828125,True,False,0.396626275510204,0.4056122448979591,,2026-02-02T20:32:16.263116,False,0.008985969387755088
100,2,18,277,10,18,0.005705118179321289,True,False,0.407557768249293,0.407557768249293,,2026-02-02T20:32:16.471525,True,0.0
100,2,19,244,10,19,0.006941795349121094,True,False,0.43036146197258807,0.43036146197258807,,2026-02-02T20:32:16.682406,True,0.0
100,2,0,264,25,0,0.00607609748840332,True,False,0.39582615932047754,0.39582615932047754,,2026-02-02T20:32:16.889471,True,0.0
100,2,1,309,25,1,0.006784915924072266,True,False,0.42146081419339965,0.42146081419339965,,2026-02-02T20:32:17.098285,True,0.0
100,2,2,284,25,2,0.006955146789550781,True,False,0.4088908450704225,0.4088908450704225,,2026-02-02T20:32:17.306416,True,0.0
100,2,3,312,25,3,0.0066051483154296875,True,False,0.3790064102564103,0.3790064102564103,,2026-02-02T20:32:17.514501,True,0.0
100,2,4,261,25,4,0.0062978267669677734,True,False,0.437566976409624,0.437566976409624,,2026-02-02T20:32:17.723946,True,0.0
100,2,5,253,25,5,0.006717205047607422,True,False,0.4169023106125701,0.4169023106125701,,2026-02-02T20:32:17.932416,True,0.0
100,2,6,267,25,6,0.0065460205078125,True,False,0.4187111616097855,0.4187111616097855,,2026-02-02T20:32:18.140827,True,0.0
100,2,7,271,25,7,0.006588935852050781,True,False,0.41049958470064407,0.41049958470064407,,2026-02-02T20:32:18.348203,True,0.0
100,2,8,287,25,8,0.006325244903564453,True,False,0.42680498731318817,0.42680498731318817,,2026-02-02T20:32:18.556603,True,0.0
100,2,9,301,25,9,0.006258964538574219,True,False,0.40630898113707353,0.40630898113707353,,2026-02-02T20:32:18.765021,True,0.0
100,2,10,249,25,10,0.006082057952880859,True,False,0.41795293624296387,0.41795293624296387,,2026-02-02T20:32:18.971631,True,0.0
100,2,11,296,25,11,0.0068361759185791016,True,False,0.42356989590942296,0.42356989590942296,,2026-02-02T20:32:19.178227,True,0.0
100,2,12,303,25,12,0.00621485710144043,True,False,0.4009192998507771,0.4009192998507771,,2026-02-02T20:32:19.386288,True,0.0
100,2,13,278,25,13,0.006685018539428711,True,False,0.3938460742197609,0.3989441540292946,,2026-02-02T20:32:19.593653,False,0.0050980798095336954
100,2,14,279,25,14,0.006418943405151367,True,False,0.43516912680977893,0.43516912680977893,,2026-02-02T20:32:19.800416,True,0.0
100,2,15,326,25,15,0.006201982498168945,True,False,0.39090199104219214,0.39090199104219214,,2026-02-02T20:32:20.008865,True,0.0
100,2,16,294,25,16,0.006088972091674805,True,False,0.4017538988384469,0.4017538988384469,,2026-02-02T20:32:20.216329,True,0.0
100,2,17,280,25,17,0.007421970367431641,True,False,0.40142857142857147,0.4056122448979591,,2026-02-02T20:32:20.427918,False,0.004183673469387639
100,2,18,277,25,18,0.005880117416381836,True,False,0.407557768249293,0.407557768249293,,2026-02-02T20:32:20.635225,True,0.0
100,2,19,244,25,19,0.006474971771240234,True,False,0.43036146197258807,0.43036146197258807,,2026-02-02T20:32:20.844609,True,0.0
100,2,0,264,50,0,0.007039070129394531,True,False,0.39582615932047754,0.39582615932047754,,2026-02-02T20:32:21.055291,True,0.0
100,2,1,309,50,1,0.007829904556274414,True,False,0.42146081419339965,0.42146081419339965,,2026-02-02T20:32:21.269556,True,0.0
100,2,2,284,50,2,0.007244110107421875,True,False,0.4088908450704225,0.4088908450704225,,2026-02-02T20:32:21.479141,True,0.0
100,2,3,312,50,3,0.007020711898803711,True,False,0.3790064102564103,0.3790064102564103,,2026-02-02T20:32:21.686172,True,0.0
100,2,4,261,50,4,0.007926225662231445,True,False,0.437566976409624,0.437566976409624,,2026-02-02T20:32:21.895777,True,0.0
100,2,5,253,50,5,0.006891012191772461,True,False,0.4169023106125701,0.4169023106125701,,2026-02-02T20:32:22.103231,True,0.0
100,2,6,267,50,6,0.007138967514038086,True,False,0.4187111616097855,0.4187111616097855,,2026-02-02T20:32:22.310947,True,0.0
100,2,7,271,50,7,0.006742954254150391,True,False,0.41049958470064407,0.41049958470064407,,2026-02-02T20:32:22.519585,True,0.0
100,2,8,287,50,8,0.007632255554199219,True,False,0.42680498731318817,0.42680498731318817,,2026-02-02T20:32:22.729858,True,0.0
100,2,9,301,50,9,0.007734060287475586,True,False,0.40630898113707353,0.40630898113707353,,2026-02-02T20:32:22.939209,True,0.0
100,2,10,249,50,10,0.006685972213745117,True,False,0.41795293624296387,0.41795293624296387,,2026-02-02T20:32:23.148117,True,0.0
100,2,11,296,50,11,0.006852149963378906,True,False,0.42356989590942296,0.42356989590942296,,2026-02-02T20:32:23.356395,True,0.0
100,2,12,303,50,12,0.006864070892333984,True,False,0.4009192998507771,0.4009192998507771,,2026-02-02T20:32:23.565944,True,0.0
100,2,13,278,50,13,0.006540060043334961,True,False,0.3989441540292946,0.3989441540292946,,2026-02-02T20:32:23.774613,True,0.0
100,2,14,279,50,14,0.006810188293457031,True,False,0.43516912680977893,0.43516912680977893,,2026-02-02T20:32:23.985279,True,0.0
100,2,15,326,50,15,0.007665872573852539,True,False,0.39090199104219214,0.39090199104219214,,2026-02-02T20:32:24.195629,True,0.0
100,2,16,294,50,16,0.0073468685150146484,True,False,0.4017538988384469,0.4017538988384469,,2026-02-02T20:32:24.405144,True,0.0
100,2,17,280,50,17,0.00722503662109375,True,False,0.4056122448979591,0.4056122448979591,,2026-02-02T20:32:24.616455,True,0.0
100,2,18,277,50,18,0.007050037384033203,True,False,0.407557768249293,0.407557768249293,,2026-02-02T20:32:24.826036,True,0.0
100,2,19,244,50,19,0.007868051528930664,True,False,0.43036146197258807,0.43036146197258807,,2026-02-02T20:32:25.038616,True,0.0
100,2,0,264,100,0,0.008950948715209961,True,False,0.39582615932047754,0.39582615932047754,,2026-02-02T20:32:25.249150,True,0.0
100,2,1,309,100,1,0.007843971252441406,True,False,0.42146081419339965,0.42146081419339965,,2026-02-02T20:32:25.461323,True,0.0
100,2,2,284,100,2,0.008311033248901367,True,False,0.4088908450704225,0.4088908450704225,,2026-02-02T20:32:25.673192,True,0.0
100,2,3,312,100,3,0.008489847183227539,True,False,0.3790064102564103,0.3790064102564103,,2026-02-02T20:32:25.881911,True,0.0
100,2,4,261,100,4,0.008224010467529297,True,False,0.437566976409624,0.437566976409624,,2026-02-02T20:32:26.095220,True,0.0
100,2,5,253,100,5,0.007909774780273438,True,False,0.4169023106125701,0.4169023106125701,,2026-02-02T20:32:26.304726,True,0.0
100,2,6,267,100,6,0.008554935455322266,True,False,0.4187111616097855,0.4187111616097855,,2026-02-02T20:32:26.517833,True,0.0
100,2,7,271,100,7,0.00925588607788086,True,False,0.41049958470064407,0.41049958470064407,,2026-02-02T20:32:26.731782,True,0.0
100,2,8,287,100,8,0.008141040802001953,True,False,0.42680498731318817,0.42680498731318817,,2026-02-02T20:32:26.942011,True,0.0
100,2,9,301,100,9,0.008725166320800781,True,False,0.40630898113707353,0.40630898113707353,,2026-02-02T20:32:27.156790,True,0.0
100,2,10,249,100,10,0.008434057235717773,True,False,0.41795293624296387,0.41795293624296387,,2026-02-02T20:32:27.369974,True,0.0
100,2,11,296,100,11,0.009670019149780273,True,False,0.42356989590942296,0.42356989590942296,,2026-02-02T20:32:27.585959,True,0.0
100,2,12,303,100,12,0.008845806121826172,True,False,0.4009192998507771,0.4009192998507771,,2026-02-02T20:32:27.796756,True,0.0
100,2,13,278,100,13,0.008065223693847656,True,False,0.3989441540292946,0.3989441540292946,,2026-02-02T20:32:28.012078,True,0.0
100,2,14,279,100,14,0.009418010711669922,True,False,0.43516912680977893,0.43516912680977893,,2026-02-02T20:32:28.223484,True,0.0
100,2,15,326,100,15,0.024793148040771484,True,False,0.39090199104219214,0.39090199104219214,,2026-02-02T20:32:28.450665,True,0.0
100,2,16,294,100,16,0.008220911026000977,True,False,0.4017538988384469,0.4017538988384469,,2026-02-02T20:32:28.669660,True,0.0
100,2,17,280,100,17,0.009163141250610352,True,False,0.4056122448979591,0.4056122448979591,,2026-02-02T20:32:28.881796,True,0.0
100,2,18,277,100,18,0.0075740814208984375,True,False,0.407557768249293,0.407557768249293,,2026-02-02T20:32:29.090680,True,0.0
100,2,19,244,100,19,0.007528066635131836,True,False,0.43036146197258807,0.43036146197258807,,2026-02-02T20:32:29.301403,True,0.0
100,2,0,264,200,0,0.010936975479125977,True,False,0.39582615932047754,0.39582615932047754,,2026-02-02T20:32:29.516401,True,0.0
100,2,1,309,200,1,0.010712862014770508,True,False,0.42146081419339965,0.42146081419339965,,2026-02-02T20:32:29.729800,True,0.0
100,2,2,284,200,2,0.010490655899047852,True,False,0.4088908450704225,0.4088908450704225,,2026-02-02T20:32:29.944293,True,0.0
100,2,3,312,200,3,0.011260271072387695,True,False,0.3790064102564103,0.3790064102564103,,2026-02-02T20:32:30.159673,True,0.0
100,2,4,261,200,4,0.01131296157836914,True,False,0.437566976409624,0.437566976409624,,2026-02-02T20:32:30.372277,True,0.0
100,2,5,253,200,5,0.010904788970947266,True,False,0.4169023106125701,0.4169023106125701,,2026-02-02T20:32:30.585850,True,0.0
100,2,6,267,200,6,0.010439872741699219,True,False,0.4187111616097855,0.4187111616097855,,2026-02-02T20:32:30.799178,True,0.0
100,2,7,271,200,7,0.010360240936279297,True,False,0.41049958470064407,0.41049958470064407,,2026-02-02T20:32:31.013928,True,0.0
100,2,8,287,200,8,0.010841131210327148,True,False,0.42680498731318817,0.42680498731318817,,2026-02-02T20:32:31.226611,True,0.0
100,2,9,301,200,9,0.010092020034790039,True,False,0.40630898113707353,0.40630898113707353,,2026-02-02T20:32:31.440128,True,0.0
100,2,10,249,200,10,0.010426998138427734,True,False,0.41795293624296387,0.41795293624296387,,2026-02-02T20:32:31.651694,True,0.0
100,2,11,296,200,11,0.010884761810302734,True,False,0.42356989590942296,0.42356989590942296,,2026-02-02T20:32:31.863843,True,0.0
100,2,12,303,200,12,0.010837793350219727,True,False,0.4009192998507771,0.4009192998507771,,2026-02-02T20:32:32.078255,True,0.0
100,2,13,278,200,13,0.010522127151489258,True,False,0.3989441540292946,0.3989441540292946,,2026-02-02T20:32:32.290765,True,0.0
100,2,14,279,200,14,0.010699033737182617,True,False,0.43516912680977893,0.43516912680977893,,2026-02-02T20:32:32.502798,True,0.0
100,2,15,326,200,15,0.010316133499145508,True,False,0.39090199104219214,0.39090199104219214,,2026-02-02T20:32:32.717347,True,0.0
100,2,16,294,200,16,0.010736227035522461,True,False,0.4017538988384469,0.4017538988384469,,2026-02-02T20:32:32.929223,True,0.0
100,2,17,280,200,17,0.010487794876098633,True,False,0.4056122448979591,0.4056122448979591,,2026-02-02T20:32:33.141266,True,0.0
100,2,18,277,200,18,0.010268211364746094,True,False,0.407557768249293,0.407557768249293,,2026-02-02T20:32:33.356767,True,0.0
100,2,19,244,200,19,0.011289119720458984,True,False,0.43036146197258807,0.43036146197258807,,2026-02-02T20:32:33.570896,True,0.0
100,2,0,264,500,0,0.018887758255004883,True,False,0.39582615932047754,0.39582615932047754,,2026-02-02T20:32:33.791585,True,0.0
100,2,1,309,500,1,0.017976999282836914,True,False,0.42146081419339965,0.42146081419339965,,2026-02-02T20:32:34.014164,True,0.0
100,2,2,284,500,2,0.01774907112121582,True,False,0.4088908450704225,0.4088908450704225,,2026-02-02T20:32:34.233302,True,0.0
100,2,3,312,500,3,0.01783585548400879,True,False,0.3790064102564103,0.3790064102564103,,2026-02-02T20:32:34.452643,True,0.0
100,2,4,261,500,4,0.0166780948638916,True,False,0.437566976409624,0.437566976409624,,2026-02-02T20:32:34.672281,True,0.0
100,2,5,253,500,5,0.017477035522460938,True,False,0.4169023106125701,0.4169023106125701,,2026-02-02T20:32:34.893047,True,0.0
100,2,6,267,500,6,0.01727604866027832,True,False,0.4187111616097855,0.4187111616097855,,2026-02-02T20:32:35.113279,True,0.0
100,2,7,271,500,7,0.017761707305908203,True,False,0.41049958470064407,0.41049958470064407,,2026-02-02T20:32:35.332965,True,0.0
100,2,8,287,500,8,0.016781091690063477,True,False,0.42680498731318817,0.42680498731318817,,2026-02-02T20:32:35.553488,True,0.0
100,2,9,301,500,9,0.016200780868530273,True,False,0.40630898113707353,0.40630898113707353,,2026-02-02T20:32:35.773221,True,0.0
100,2,10,249,500,10,0.018677949905395508,True,False,0.41795293624296387,0.41795293624296387,,2026-02-02T20:32:35.996227,True,0.0
100,2,11,296,500,11,0.01787590980529785,True,False,0.42356989590942296,0.42356989590942296,,2026-02-02T20:32:36.217007,True,0.0
100,2,12,303,500,12,0.017528057098388672,True,False,0.4009192998507771,0.4009192998507771,,2026-02-02T20:32:36.436496,True,0.0
100,2,13,278,500,13,0.01714611053466797,True,False,0.3989441540292946,0.3989441540292946,,2026-02-02T20:32:36.656930,True,0.0
100,2,14,279,500,14,0.01854991912841797,True,False,0.43516912680977893,0.43516912680977893,,2026-02-02T20:32:36.875877,True,0.0
100,2,15,326,500,15,0.017120838165283203,True,False,0.39090199104219214,0.39090199104219214,,2026-02-02T20:32:37.097810,True,0.0
100,2,16,294,500,16,0.01732611656188965,True,False,0.4017538988384469,0.4017538988384469,,2026-02-02T20:32:37.318003,True,0.0
100,2,17,280,500,17,0.01708388328552246,True,False,0.4056122448979591,0.4056122448979591,,2026-02-02T20:32:37.538343,True,0.0
100,2,18,277,500,18,0.017266035079956055,True,False,0.407557768249293,0.407557768249293,,2026-02-02T20:32:37.759814,True,0.0
100,2,19,244,500,19,0.0188291072845459,True,False,0.43036146197258807,0.43036146197258807,,2026-02-02T20:32:37.982591,True,0.0
